City_ID,City,Country,Date,Lat,Lng,Max Temp,Humidity,Cloudiness,Wind Speed
0,Saskylakh,RU,2021-12-02 08:01:37,71.9167,114.0833,-37.82,100,92,1.7
1,Tuatapere,NZ,2021-12-02 08:01:38,-46.1333,167.6833,57.81,80,99,1.21
2,Evanston,US,2021-12-02 08:01:38,42.0411,-87.6901,51.24,67,100,5.01
3,Chuy,UY,2021-12-02 08:01:38,-33.6971,-53.4616,59.9,78,70,4.38
4,Pemba,MZ,2021-12-02 08:01:39,-12.974,40.5178,83.64,65,4,10.69
5,Granada,ES,2021-12-02 08:01:39,37.25,-3.25,39.87,94,100,7.09
6,Busselton,AU,2021-12-02 08:01:39,-33.65,115.3333,77.09,40,4,8.5
7,Labuhan,ID,2021-12-02 08:01:40,-6.8844,112.2051,86.07,69,100,6.62
8,Ballina,AU,2021-12-02 08:00:53,-28.8667,153.5667,74.79,90,36,15.35
9,Mana,GF,2021-12-02 08:01:40,5.6592,-53.7767,76.46,90,100,9.4
10,New Norfolk,AU,2021-12-02 08:01:41,-42.7826,147.0587,62.65,86,99,3.38
11,Butaritari,KI,2021-12-02 08:01:41,3.0707,172.7902,82.22,73,10,8.9
12,Kodiak,US,2021-12-02 08:01:41,57.79,-152.4072,16.21,70,26,21.0
13,Jamestown,US,2021-12-02 08:00:31,42.097,-79.2353,42.39,96,100,7.0
14,Falun,SE,2021-12-02 08:01:42,60.6036,15.626,13.66,86,75,4.32
15,Umm Lajj,SA,2021-12-02 08:01:42,25.0213,37.2685,78.48,48,0,13.65
16,Berlevag,NO,2021-12-02 08:01:42,70.8578,29.0864,31.95,59,40,23.02
17,Netarhat,IN,2021-12-02 08:01:43,23.4833,84.2667,72.37,29,0,4.79
18,Port-Gentil,GA,2021-12-02 08:01:43,-0.7193,8.7815,78.82,81,100,6.46
19,Vao,NC,2021-12-02 08:01:43,-22.6667,167.4833,76.17,83,100,17.05
20,Airai,TL,2021-12-02 08:01:44,-8.9266,125.4092,70.52,74,65,1.81
21,Georgetown,MY,2021-12-02 07:57:11,5.4112,100.3354,82.35,80,40,5.01
22,Port Augusta,AU,2021-12-02 08:01:44,-32.5,137.7667,76.71,56,0,26.28
23,Vardo,NO,2021-12-02 08:01:44,70.3705,31.1107,33.78,64,20,26.46
24,Lorengau,PG,2021-12-02 08:01:45,-2.0226,147.2712,82.15,76,65,2.86
25,Banda Aceh,ID,2021-12-02 08:01:45,5.5577,95.3222,83.39,73,91,2.39
26,Kuytun,RU,2021-12-02 08:01:45,54.3419,101.5036,28.06,76,100,7.61
27,Kapaa,US,2021-12-02 08:01:46,22.0752,-159.319,76.12,76,9,4.0
28,Along,IN,2021-12-02 08:01:46,28.1667,94.7667,79.68,34,40,1.88
29,Rikitea,PF,2021-12-02 08:01:46,-23.1203,-134.9692,75.61,77,0,18.23
30,Paka,MY,2021-12-02 08:01:47,4.6374,103.4368,75.65,95,100,6.55
31,Mataura,NZ,2021-12-02 08:01:47,-46.1927,168.8643,57.47,76,100,2.21
32,Cherskiy,RU,2021-12-02 08:01:48,68.75,161.3,-33.18,98,29,6.02
33,Upernavik,GL,2021-12-02 08:01:48,72.7868,-56.1549,27.09,92,100,6.55
34,Pak Chong,TH,2021-12-02 08:01:48,14.708,101.4161,81.68,57,19,14.74
35,Luwuk,ID,2021-12-02 08:01:49,-0.9516,122.7875,83.55,75,100,1.86
36,Bar Harbor,US,2021-12-02 08:01:49,44.3876,-68.2039,35.02,83,1,4.61
37,Faanui,PF,2021-12-02 08:01:49,-16.4833,-151.75,80.22,74,100,16.67
38,Hermanus,ZA,2021-12-02 08:01:50,-34.4187,19.2345,59.81,64,95,11.43
39,Kahului,US,2021-12-02 08:01:50,20.8947,-156.47,76.84,82,17,5.01
40,Pangnirtung,CA,2021-12-02 08:01:50,66.1451,-65.7125,-3.01,96,25,6.2
41,Ilulissat,GL,2021-12-02 08:01:51,69.2167,-51.1,17.51,64,1,10.16
42,Albury,AU,2021-12-02 07:59:15,-36.0833,146.9167,89.65,41,19,6.91
43,Tupik,RU,2021-12-02 08:01:51,54.4253,119.9327,1.26,93,89,2.68
44,Pevek,RU,2021-12-02 08:02:52,69.7008,170.3133,-18.96,99,42,4.99
45,Barahona,DO,2021-12-02 08:02:52,18.2085,-71.1008,75.18,80,36,3.22
46,Talnakh,RU,2021-12-02 08:02:52,69.4865,88.3972,-21.08,97,80,5.41
47,Biltine,TD,2021-12-02 08:02:53,14.5333,20.9167,80.28,20,0,21.47
48,Sao Joao Da Barra,BR,2021-12-02 08:02:53,-21.6403,-41.0511,71.01,96,15,9.4
49,Saint-Augustin,CA,2021-12-02 08:02:53,51.226,-58.6502,24.26,92,100,3.15
50,Punta Arenas,CL,2021-12-02 08:02:54,-53.15,-70.9167,42.12,75,100,7.9
51,Ushuaia,AR,2021-12-02 08:02:43,-54.8,-68.3,35.53,95,25,5.61
52,Desert Hot Springs,US,2021-12-02 08:02:54,33.9611,-116.5017,69.69,20,1,8.05
53,Ribeira Grande,PT,2021-12-02 08:02:54,38.5167,-28.7,59.4,82,40,8.05
54,Qaqortoq,GL,2021-12-02 08:02:55,60.7167,-46.0333,28.89,97,100,7.47
55,Provideniya,RU,2021-12-02 08:02:55,64.3833,-173.3,-3.89,78,55,6.89
56,Ciudad Bolivar,VE,2021-12-02 08:02:55,8.1222,-63.5497,73.54,96,82,5.97
57,Bethel,US,2021-12-02 08:02:56,41.3712,-73.414,46.54,85,90,3.44
58,Olga,RU,2021-12-02 08:02:56,43.7444,135.2892,25.2,72,2,7.63
59,Jizan,SA,2021-12-02 08:02:56,17.3333,42.6667,87.76,37,0,4.43
60,Lima,PE,2021-12-02 08:01:13,-12.0432,-77.0282,65.89,83,100,3.83
61,Hobart,AU,2021-12-02 08:00:18,-42.8794,147.3294,63.01,93,75,17.27
62,Lompoc,US,2021-12-02 08:02:57,34.6391,-120.4579,67.51,46,100,1.32
63,Albany,US,2021-12-02 08:00:01,42.6001,-73.9662,40.8,76,100,1.01
64,Oranjestad,AW,2021-12-02 08:02:57,12.524,-70.027,76.95,94,75,14.97
65,Gizo,SB,2021-12-02 08:02:58,-8.103,156.8419,84.43,70,74,2.73
66,Alta Floresta,BR,2021-12-02 08:02:58,-9.8756,-56.0861,69.71,99,100,0.94
67,Pangody,RU,2021-12-02 08:02:58,65.85,74.4859,7.34,95,100,19.1
68,Yellowknife,CA,2021-12-02 08:01:11,62.456,-114.3525,-1.44,97,94,8.01
69,Souillac,MU,2021-12-02 08:01:06,-20.5167,57.5167,85.35,69,38,14.45
70,Victoria,HK,2021-12-02 08:02:20,22.2855,114.1577,72.03,33,5,1.99
71,Nurota,UZ,2021-12-02 08:02:59,40.5614,65.6886,73.49,13,100,25.21
72,Dom Pedrito,BR,2021-12-02 08:02:59,-30.9828,-54.6731,54.03,92,0,4.76
73,Kamaishi,JP,2021-12-02 08:03:00,39.2667,141.8833,38.52,67,33,6.76
74,Sompeta,IN,2021-12-02 08:03:00,18.9333,84.6,78.24,55,63,8.63
75,Tunoshna,RU,2021-12-02 08:03:00,57.5459,40.1254,21.18,79,90,11.18
76,Saint-Philippe,RE,2021-12-02 08:03:01,-21.3585,55.7679,81.95,83,48,14.41
77,Bredasdorp,ZA,2021-12-02 08:03:01,-34.5322,20.0403,59.29,57,57,13.6
78,Fortuna,US,2021-12-02 07:58:26,40.5982,-124.1573,51.98,75,90,0.0
79,Ancud,CL,2021-12-02 08:03:01,-41.8697,-73.8203,43.68,80,40,4.94
80,North Myrtle Beach,US,2021-12-02 08:03:02,33.816,-78.68,56.05,81,40,0.0
81,Grand Gaube,MU,2021-12-02 08:03:02,-20.0064,57.6608,85.37,61,5,11.01
82,Cape Town,ZA,2021-12-02 08:02:41,-33.9258,18.4232,68.09,62,68,15.97
83,Iranshahr,IR,2021-12-02 08:03:02,27.2025,60.6848,78.39,18,0,4.9
84,Plettenberg Bay,ZA,2021-12-02 08:03:03,-34.0527,23.3716,60.44,86,100,9.24
85,Hasaki,JP,2021-12-02 08:03:03,35.7333,140.8333,48.29,40,0,10.22
86,Coquimbo,CL,2021-12-02 08:03:03,-29.9533,-71.3436,55.13,87,0,3.44
87,Zheleznodorozhnyy,RU,2021-12-02 08:03:04,55.7503,38.0042,24.37,89,91,7.47
88,Casas Grandes,MX,2021-12-02 08:03:04,30.3667,-107.95,54.95,57,0,4.03
89,Uberlandia,BR,2021-12-02 08:03:04,-18.9186,-48.2772,67.1,89,34,2.71
90,Trinidad,BO,2021-12-02 08:03:05,-14.8333,-64.9,73.8,96,100,4.63
91,Abrego,CO,2021-12-02 08:04:05,8.0807,-73.2205,60.33,93,100,4.63
92,Otane,NZ,2021-12-02 08:04:06,-39.8833,176.6333,63.01,93,100,4.45
93,Sabha,LY,2021-12-02 08:04:06,27.0377,14.4283,59.2,50,99,16.35
94,Bathsheba,BB,2021-12-02 08:04:06,13.2167,-59.5167,79.41,83,75,20.71
95,Avarua,CK,2021-12-02 08:04:06,-21.2078,-159.775,77.05,88,40,18.41
96,Amapa,BR,2021-12-02 08:04:07,1.0,-52.0,71.37,99,100,1.39
97,Vaini,TO,2021-12-02 08:04:07,-21.2,-175.2,77.16,83,20,6.91
98,Belokurikha,RU,2021-12-02 08:04:08,51.9959,84.9896,34.57,78,0,4.09
99,Lazaro Cardenas,MX,2021-12-02 08:04:08,17.9583,-102.2,75.15,89,4,3.49
100,Porto Novo,BJ,2021-12-02 08:04:08,6.4965,2.6036,83.28,74,100,4.27
101,Ponta Do Sol,PT,2021-12-02 08:04:09,32.6667,-17.1,65.03,69,11,6.85
102,Maksatikha,RU,2021-12-02 08:04:09,57.797,35.8825,19.0,92,100,5.1
103,Geraldton,AU,2021-12-02 08:04:09,-28.7667,114.6,73.81,60,76,26.46
104,Nileshwar,IN,2021-12-02 08:04:10,12.25,75.1,84.15,69,10,6.31
105,Uyuni,BO,2021-12-02 08:04:10,-20.4597,-66.825,45.57,33,74,5.32
106,Bouillante,GP,2021-12-02 07:59:16,16.1304,-61.7692,74.43,76,88,9.98
107,Laguna,US,2021-12-02 08:04:11,38.421,-121.4238,64.22,96,90,0.0
108,Malpe,IN,2021-12-02 08:04:11,13.35,74.7167,87.1,70,29,7.52
109,Dikson,RU,2021-12-02 08:04:11,73.5069,80.5464,-9.69,96,100,13.38
110,Husavik,IS,2021-12-02 08:04:12,66.0449,-17.3389,27.75,88,100,18.84
111,Beringovskiy,RU,2021-12-02 08:04:12,63.05,179.3167,-0.04,88,100,5.01
112,Pasighat,IN,2021-12-02 08:04:12,28.0667,95.3333,79.18,39,41,3.85
113,Atar,MR,2021-12-02 08:04:13,20.5169,-13.0499,68.41,16,100,10.87
114,Hithadhoo,MV,2021-12-02 08:04:13,-0.6,73.0833,82.56,75,17,8.9
115,Cao Bang,VN,2021-12-02 08:04:13,22.6667,106.25,70.41,37,25,2.33
116,Ibra,OM,2021-12-02 08:02:31,22.6906,58.5334,80.26,19,0,4.79
117,Kalanchak,UA,2021-12-02 08:04:14,46.2562,33.2907,50.16,67,33,17.18
118,Port Elizabeth,ZA,2021-12-02 08:04:14,-33.918,25.5701,69.1,73,98,17.67
119,Goderich,CA,2021-12-02 08:04:14,43.7501,-81.7165,43.92,94,100,27.31
120,Atuona,PF,2021-12-02 08:04:15,-9.8,-139.0333,78.42,77,44,22.24
121,Karsava,LV,2021-12-02 08:04:15,56.7841,27.6883,26.42,95,100,12.62
122,Asau,RO,2021-12-02 08:04:15,46.4333,26.4,44.96,56,100,6.71
123,San Policarpo,PH,2021-12-02 08:04:16,12.1791,125.5072,79.83,84,100,15.37
124,Sisimiut,GL,2021-12-02 08:04:16,66.9395,-53.6735,27.81,96,100,17.31
125,Lerdo,MX,2021-12-02 08:04:16,25.5333,-103.5333,61.88,69,34,3.13
126,Tilichiki,RU,2021-12-02 08:04:17,60.4667,166.1,32.18,98,100,23.15
127,Belaya Gora,RU,2021-12-02 08:04:17,68.5333,146.4167,-45.76,100,83,2.33
128,Komsomolskiy,UZ,2021-12-02 08:04:17,40.4272,71.7189,57.92,28,9,2.3
129,Jacareacanga,BR,2021-12-02 08:04:17,-6.2222,-57.7528,71.82,99,100,1.14
130,Northam,GB,2021-12-02 08:04:18,51.0333,-4.2167,43.66,83,97,22.7
131,Huangchuan,CN,2021-12-02 08:04:18,32.1272,115.0394,58.68,20,0,11.41
132,Aktash,RU,2021-12-02 08:04:19,50.3,87.7333,18.14,64,0,4.41
133,Tevaitoa,PF,2021-12-02 08:04:19,-16.7833,-151.5,81.55,71,100,17.65
134,Iqaluit,CA,2021-12-02 08:00:15,63.7506,-68.5145,18.7,79,100,4.0
135,Tuktoyaktuk,CA,2021-12-02 08:05:19,69.4541,-133.0374,-12.44,97,100,9.37
136,Carnarvon,AU,2021-12-02 08:05:20,-24.8667,113.6333,75.11,62,0,25.93
137,Saldanha,ZA,2021-12-02 08:05:20,-33.0117,17.9442,62.1,68,1,21.79
138,Sao Miguel Do Araguaia,BR,2021-12-02 08:00:40,-13.275,-50.1628,70.86,98,100,2.86
139,Novobirilyussy,RU,2021-12-02 08:05:20,56.9514,90.6661,26.56,80,100,9.57
140,Luderitz,NA,2021-12-02 08:05:21,-26.6481,15.1594,72.95,39,0,23.02
141,Cananea,MX,2021-12-02 08:05:21,30.95,-110.3,55.76,65,0,1.52
142,Nikolskoye,RU,2021-12-02 08:05:21,59.7035,30.7861,12.02,96,100,2.55
143,Praya,CV,2021-12-02 08:05:22,14.9215,-23.5087,72.14,78,90,19.57
144,Muros,ES,2021-12-02 08:05:22,42.7762,-9.0603,51.84,94,8,13.82
145,Hovd,MN,2021-12-02 08:05:22,48.0056,91.6419,24.01,41,5,2.62
146,Indiana,US,2021-12-02 08:04:47,40.0003,-86.2503,49.77,93,1,12.66
147,Cairns,AU,2021-12-02 08:04:00,-16.9167,145.7667,89.06,66,98,9.22
148,East London,ZA,2021-12-02 08:00:34,-33.0153,27.9116,68.23,81,100,20.22
149,Pozo Colorado,PY,2021-12-02 08:05:23,-23.4923,-58.7972,68.95,54,70,5.55
150,Port Alfred,ZA,2021-12-02 08:05:23,-33.5906,26.891,67.21,85,100,20.92
151,Katsuura,JP,2021-12-02 08:05:24,35.1333,140.3,55.11,50,2,7.7
152,Nantucket,US,2021-12-02 08:05:24,41.2835,-70.0995,48.31,77,90,6.91
153,Sale,MA,2021-12-02 08:05:24,34.0389,-6.8166,54.28,100,75,13.8
154,Jiaojiang,CN,2021-12-02 08:05:25,28.6803,121.4428,52.7,54,0,2.19
155,Half Moon Bay,US,2021-12-02 08:05:25,37.4636,-122.4286,66.24,70,1,0.0
156,Ngunguru,NZ,2021-12-02 08:05:25,-35.6167,174.5,66.16,81,98,7.54
157,Puerto Ayora,EC,2021-12-02 08:05:26,-0.7393,-90.3518,67.6,90,21,7.45
158,Saint George,US,2021-12-02 08:01:26,37.1041,-113.5841,58.35,34,1,3.44
159,Aklavik,CA,2021-12-02 08:05:26,68.2191,-135.0107,-10.88,95,100,16.42
160,Eura,FI,2021-12-02 08:05:26,61.1333,22.1333,22.78,87,100,3.15
161,Zalari,RU,2021-12-02 08:05:27,53.5584,102.5065,25.56,84,100,3.62
162,Pringsewu,ID,2021-12-02 08:05:27,-5.3582,104.9744,84.47,73,94,3.47
163,Bollnas,SE,2021-12-02 08:04:10,61.3482,16.3946,14.4,91,44,4.43
164,Isangel,VU,2021-12-02 08:05:27,-19.55,169.2667,78.37,79,100,10.89
165,Haines Junction,CA,2021-12-02 08:05:28,60.7522,-137.5108,11.21,95,100,2.08
166,Havoysund,NO,2021-12-02 08:05:28,70.9963,24.6622,34.03,63,100,23.02
167,Clyde River,CA,2021-12-02 08:05:28,70.4692,-68.5914,8.83,78,100,18.41
168,Constitucion,CL,2021-12-02 08:05:29,-35.3333,-72.4167,51.91,75,23,5.57
169,Nalut,LY,2021-12-02 08:05:29,30.3333,10.85,53.91,30,3,10.85
170,Kropotkin,RU,2021-12-02 08:05:29,45.4375,40.5756,42.91,68,10,13.31
171,Kailua,US,2021-12-02 08:05:30,21.4022,-157.7394,76.14,73,26,8.72
172,San Patricio,US,2021-12-02 08:05:30,28.017,-97.5169,69.66,93,73,5.59
173,Cayenne,GF,2021-12-02 08:05:30,4.9333,-52.3333,77.09,90,75,2.3
174,Kununurra,AU,2021-12-02 08:05:30,-15.7667,128.7333,107.58,15,62,4.61
175,Alofi,NU,2021-12-02 08:05:31,-19.0595,-169.9187,78.48,81,45,13.33
176,Ginir,ET,2021-12-02 08:05:31,7.1333,40.7,70.52,28,7,7.94
177,Lavrentiya,RU,2021-12-02 08:05:31,65.5833,-171.0,-10.95,84,0,5.01
178,Siyabuswa,ZA,2021-12-02 08:05:32,-25.1132,29.0445,84.16,42,49,8.93
179,Velingara,SN,2021-12-02 08:05:32,13.15,-14.1167,75.38,24,100,2.55
180,Monte Alegre,BR,2021-12-02 08:05:33,-2.0078,-54.0692,75.34,81,100,2.21
181,Caceres,ES,2021-12-02 08:05:33,39.522,-6.3748,45.81,80,87,11.23
182,Gramsh,AL,2021-12-02 08:05:33,40.8697,20.1844,45.14,77,96,4.94
183,Mahebourg,MU,2021-12-02 08:06:34,-20.4081,57.7,85.24,71,21,14.52
184,Susanville,US,2021-12-02 08:06:34,40.4163,-120.653,27.12,54,0,1.01
185,Colares,PT,2021-12-02 08:06:34,38.7992,-9.4469,53.33,87,20,15.01
186,Bafia,CM,2021-12-02 08:06:35,4.75,11.2333,79.63,72,20,1.95
187,Damietta,EG,2021-12-02 08:06:35,31.4165,31.8133,66.34,51,88,6.53
188,Khatanga,RU,2021-12-02 08:06:35,71.9667,102.5,-41.71,100,99,2.82
189,Pisco,PE,2021-12-02 08:04:58,-13.7,-76.2167,64.45,82,0,8.05
190,Miandrivazo,MG,2021-12-02 08:06:36,-19.5167,45.4667,94.05,36,7,3.65
191,Bluff,NZ,2021-12-02 08:06:36,-46.6,168.3333,57.79,92,75,8.63
192,Itaituba,BR,2021-12-02 08:03:03,-4.2761,-55.9836,72.81,99,97,2.19
193,Talara,PE,2021-12-02 08:06:36,-4.5772,-81.2719,66.07,84,43,9.89
194,Taoudenni,ML,2021-12-02 08:06:37,22.6783,-3.9836,66.47,17,100,8.21
195,Lebu,CL,2021-12-02 08:06:37,-37.6167,-73.65,52.66,82,100,16.8
196,Itaqui,BR,2021-12-02 08:06:37,-29.1253,-56.5531,61.52,84,0,9.66
197,Morondava,MG,2021-12-02 08:06:38,-20.2833,44.2833,87.31,53,0,10.22
198,Hami,CN,2021-12-02 08:06:38,42.8,93.45,30.51,52,0,2.82
199,Hamilton,US,2021-12-02 08:05:23,39.1834,-84.5333,53.64,91,90,1.99
200,Barrow,US,2021-12-02 08:06:38,71.2906,-156.7887,-11.18,70,90,8.05
201,Dudinka,RU,2021-12-02 08:06:39,69.4058,86.1778,-21.28,97,75,6.64
202,Lakatoro,VU,2021-12-02 08:06:39,-16.0999,167.4164,81.16,80,67,9.66
203,Zastron,ZA,2021-12-02 08:06:39,-30.3023,27.084,74.05,44,59,24.23
204,Burns Lake,CA,2021-12-02 08:06:39,54.2331,-125.7533,26.96,59,0,11.43
205,Castro,BR,2021-12-02 08:06:40,-24.7911,-50.0119,62.69,83,97,7.78
206,Brae,GB,2021-12-02 08:06:40,60.3964,-1.353,35.51,64,94,19.98
207,Huarmey,PE,2021-12-02 08:06:40,-10.0681,-78.1522,65.75,88,100,5.55
208,Esperance,AU,2021-12-02 08:06:41,-33.8667,121.9,65.48,63,28,18.79
209,Bonito,BR,2021-12-02 08:06:41,-21.1211,-56.4819,72.97,86,75,1.54
210,Kruisfontein,ZA,2021-12-02 08:06:41,-34.0033,24.7314,66.88,67,100,16.17
211,Kieta,PG,2021-12-02 08:06:42,-6.2167,155.6333,81.79,77,90,0.58
212,Samarkand,UZ,2021-12-02 08:06:42,39.6542,66.9597,72.82,12,100,9.22
213,Zyryanka,RU,2021-12-02 08:06:42,65.75,150.85,-29.36,98,100,15.52
214,Visby,SE,2021-12-02 08:06:43,57.6409,18.296,32.86,100,90,21.85
215,Fellbach,DE,2021-12-02 08:06:43,48.8091,9.277,42.21,89,40,3.44
216,Santa Isabel Do Rio Negro,BR,2021-12-02 08:06:43,-0.4139,-65.0192,72.36,100,100,1.99
217,Tortoli,IT,2021-12-02 08:06:44,39.9256,9.6572,57.97,80,100,14.72
218,Dingle,PH,2021-12-02 08:06:44,10.9995,122.6711,78.66,89,100,9.82
219,Bengkulu,ID,2021-12-02 08:06:44,-3.8004,102.2655,84.52,66,7,11.36
220,Xiongyue,CN,2021-12-02 08:06:45,40.1774,122.1228,40.89,59,6,11.32
221,Henties Bay,NA,2021-12-02 08:06:45,-22.116,14.2845,61.86,76,37,7.09
222,Ostrovnoy,RU,2021-12-02 08:06:45,68.0531,39.5131,28.51,63,100,32.73
223,Dwarka,IN,2021-12-02 08:06:46,22.2394,68.9678,77.74,58,0,11.5
224,Sutysky,UA,2021-12-02 08:06:46,49.0425,28.4173,38.59,68,65,14.38
225,Kendari,ID,2021-12-02 08:06:46,-3.945,122.4989,87.3,62,100,2.15
226,Ussel,FR,2021-12-02 08:06:46,45.55,2.3167,36.09,98,100,3.74
227,Dauphin,CA,2021-12-02 08:06:47,51.1494,-100.0502,23.14,93,90,9.22
228,Anamur,TR,2021-12-02 08:07:47,36.0751,32.8369,62.62,30,0,2.8
229,Enshi,CN,2021-12-02 08:07:47,30.3,109.4833,59.63,50,9,1.63
230,Los Llanos De Aridane,ES,2021-12-02 08:07:48,28.6585,-17.9182,64.15,76,75,3.0
231,Thompson,CA,2021-12-02 08:07:48,55.7435,-97.8558,-12.66,94,88,4.5
232,Mount Gambier,AU,2021-12-02 08:07:48,-37.8333,140.7667,58.95,61,4,11.61
233,Stephenville,US,2021-12-02 08:02:57,32.2207,-98.2023,59.16,72,1,0.0
234,Dayong,CN,2021-12-02 08:07:49,25.0209,118.2898,65.89,30,0,4.21
235,Fairhope,US,2021-12-02 08:07:49,30.523,-87.9033,51.84,93,90,0.0
236,Kaitangata,NZ,2021-12-02 08:07:49,-46.2817,169.8464,57.99,89,100,8.16
237,Port Hardy,CA,2021-12-02 08:07:50,50.6996,-127.4199,40.75,91,98,11.3
238,Cidreira,BR,2021-12-02 08:07:50,-30.1811,-50.2056,66.47,66,97,6.06
239,Nador,MA,2021-12-02 08:07:50,35.174,-2.9287,57.45,72,75,23.02
240,Solesti,RO,2021-12-02 08:07:51,46.7667,27.7833,45.64,56,100,9.89
241,Tasiilaq,GL,2021-12-02 08:07:51,65.6145,-37.6368,24.55,94,99,4.12
242,Turbat,PK,2021-12-02 08:07:51,26.0023,63.044,83.3,16,0,4.79
243,Qaanaaq,GL,2021-12-02 08:07:52,77.484,-69.3632,1.76,72,64,8.19
244,Zhuzhou,CN,2021-12-02 08:03:51,27.8333,113.15,60.44,23,1,2.71
245,Maragogi,BR,2021-12-02 08:07:52,-9.0122,-35.2225,76.93,83,90,7.78
246,Begusarai,IN,2021-12-02 08:07:52,25.4167,86.1333,81.0,33,80,6.38
247,Gawler,AU,2021-12-02 08:07:53,-34.6,138.7333,73.09,48,0,17.54
248,Fortuna Foothills,US,2021-12-02 08:07:53,32.6578,-114.4119,62.69,27,40,3.44
249,Tiksi,RU,2021-12-02 08:07:53,71.6872,128.8694,-29.65,100,68,3.11
250,Padang,ID,2021-12-02 08:07:54,-0.9492,100.3543,84.94,64,85,5.14
251,Karasburg,NA,2021-12-02 08:07:54,-28.0167,18.75,67.03,24,0,7.78
252,Launceston,AU,2021-12-02 08:07:54,-41.45,147.1667,66.61,76,40,3.0
253,Paamiut,GL,2021-12-02 08:07:55,61.994,-49.6678,28.92,89,100,10.78
254,Sorland,NO,2021-12-02 08:07:55,67.667,12.6934,35.46,51,100,31.54
255,Opuwo,NA,2021-12-02 08:07:55,-18.0607,13.84,82.49,16,35,1.14
256,Maues,BR,2021-12-02 08:07:56,-3.3836,-57.7186,72.5,99,93,2.57
257,Balikpapan,ID,2021-12-02 08:07:56,-1.2675,116.8289,84.18,68,100,5.12
258,Hilo,US,2021-12-02 08:07:56,19.7297,-155.09,75.27,87,20,6.91
259,Nichinan,JP,2021-12-02 08:07:57,31.6,131.3667,50.76,59,30,6.69
260,Lluta,PE,2021-12-02 08:07:57,-16.0147,-72.0142,49.82,49,100,2.44
261,Roald,NO,2021-12-02 08:07:57,62.5833,6.1333,37.0,80,90,14.97
262,Tocopilla,CL,2021-12-02 08:07:58,-22.092,-70.1979,63.41,70,22,3.65
263,Oktyabrskoye,RU,2021-12-02 08:07:58,43.0645,44.7417,35.74,86,75,8.95
264,Miracema Do Tocantins,BR,2021-12-02 08:07:58,-9.5618,-48.3967,72.25,98,100,3.44
265,Guerrero Negro,MX,2021-12-02 08:07:59,27.9769,-114.0611,62.69,87,41,7.65
266,Vegreville,CA,2021-12-02 08:05:23,53.5001,-112.0518,26.74,93,48,6.42
267,Purranque,CL,2021-12-02 08:07:59,-40.9167,-73.1667,43.93,91,84,4.05
268,Arman,RU,2021-12-02 08:07:59,59.7,150.1667,-0.9,98,100,19.86
269,Bani Walid,LY,2021-12-02 08:08:00,31.7566,13.9942,54.9,40,13,12.44
270,Meadow Lake,US,2021-12-02 08:08:00,34.8014,-106.5436,48.43,43,91,1.25
271,Yarmouth,US,2021-12-02 08:08:00,41.7057,-70.2286,48.31,80,90,0.0
272,La Ronge,CA,2021-12-02 08:08:00,55.1001,-105.2842,4.01,98,91,3.11
273,Pinheiro Machado,BR,2021-12-02 08:08:01,-31.5783,-53.3811,51.06,98,4,4.21
274,Milos,GR,2021-12-02 08:09:01,36.75,24.4333,59.72,63,0,23.85
275,Wattegama,LK,2021-12-02 08:09:02,6.7989,81.4808,85.12,46,86,3.18
276,Aasiaat,GL,2021-12-02 08:09:02,68.7098,-52.8699,17.83,83,93,6.4
277,Bambous Virieux,MU,2021-12-02 08:08:22,-20.3428,57.7575,85.21,71,16,14.99
278,Sainte-Anne-Des-Monts,CA,2021-12-02 08:09:03,49.124,-66.4924,21.78,81,90,12.93
279,Peniche,PT,2021-12-02 08:04:50,39.3558,-9.3811,53.62,74,88,27.83
280,Sao Felix Do Xingu,BR,2021-12-02 08:09:03,-6.6447,-51.995,71.35,99,100,0.92
281,Sao Filipe,CV,2021-12-02 08:09:03,14.8961,-24.4956,74.07,67,100,14.0
282,Hay River,CA,2021-12-02 08:05:23,60.8156,-115.7999,-0.09,97,95,1.48
283,Vidalia,US,2021-12-02 08:09:04,32.2177,-82.4135,42.75,87,1,0.0
284,San Cristobal,VE,2021-12-02 08:09:04,7.7669,-72.225,64.24,89,93,1.52
285,Chipinge,ZW,2021-12-02 08:09:04,-20.1883,32.6236,85.71,26,2,4.94
286,Thiruvananthapuram,IN,2021-12-02 08:09:05,8.4833,76.9167,85.98,70,20,5.75
287,Thinadhoo,MV,2021-12-02 08:09:05,0.5333,72.9333,82.35,75,4,9.73
288,Mar Del Plata,AR,2021-12-02 08:08:14,-38.0023,-57.5575,58.87,85,40,11.01
289,Corinto,GR,2021-12-02 08:05:21,37.9407,22.9573,60.69,59,0,3.27
290,Windhoek,NA,2021-12-02 08:09:06,-22.5594,17.0832,78.12,31,81,1.99
291,Snezhnogorsk,RU,2021-12-02 08:09:06,69.1933,33.2531,26.38,68,100,23.58
292,San Juan,AR,2021-12-02 08:09:06,-31.5375,-68.5364,73.96,40,0,9.86
293,Sile,TR,2021-12-02 08:09:07,41.1754,29.6133,54.27,54,5,1.01
294,Sturgis,US,2021-12-02 08:09:07,41.7992,-85.4192,48.85,50,40,13.8
295,Mayo,US,2021-12-02 08:09:07,38.8876,-76.5119,50.16,86,75,3.0
296,Tutoia,BR,2021-12-02 08:09:08,-2.7619,-42.2744,80.44,80,99,10.96
297,Severo-Kurilsk,RU,2021-12-02 08:09:08,50.6789,156.125,35.67,78,67,23.91
298,Pingliang,CN,2021-12-02 08:08:40,35.5392,106.6861,45.07,23,4,2.15
299,Nyuksenitsa,RU,2021-12-02 08:09:08,60.4128,44.2397,17.89,92,99,8.5
300,Candido De Abreu,BR,2021-12-02 08:09:09,-24.5669,-51.3333,61.16,91,22,3.31
301,Batagay,RU,2021-12-02 08:09:09,67.6333,134.6333,-47.38,100,89,1.32
302,Moerai,PF,2021-12-02 08:09:09,-22.4333,-151.3333,77.49,84,100,18.05
303,Escanaba,US,2021-12-02 08:09:10,45.7453,-87.0646,44.2,91,1,11.5
304,Sydney,AU,2021-12-02 08:08:15,-33.8679,151.2073,76.32,77,20,3.0
305,Businga,CD,2021-12-02 08:09:10,3.3333,20.8833,77.38,81,84,2.01
306,Vila Franca Do Campo,PT,2021-12-02 08:09:10,37.7167,-25.4333,62.2,83,73,5.48
307,Margate,GB,2021-12-02 08:09:11,51.3813,1.3862,37.69,69,70,8.01
308,Sobolevo,RU,2021-12-02 08:09:11,54.4299,31.8996,26.42,96,100,17.54
309,Nikolayevka,RU,2021-12-02 08:09:11,53.1257,47.2041,31.96,83,99,13.47
310,Visnes,NO,2021-12-02 08:09:12,59.3556,5.2242,33.85,64,20,11.5
311,Valverde Del Camino,ES,2021-12-02 08:09:12,37.5751,-6.7543,48.72,87,100,10.36
312,Egvekinot,RU,2021-12-02 08:09:12,66.3167,-179.1667,1.09,93,100,2.26
313,Pandan,PH,2021-12-02 08:09:13,14.0453,124.1694,78.3,82,96,18.7
314,Zhigansk,RU,2021-12-02 08:09:13,66.7697,123.3711,-40.86,97,64,9.26
315,Villa Rica,US,2021-12-02 08:09:13,33.7321,-84.9191,53.38,76,4,5.75
316,Canoa,DO,2021-12-02 08:09:14,18.355,-71.1585,73.38,82,23,2.26
317,Fougamou,GA,2021-12-02 08:09:14,-1.2154,10.5838,76.87,89,100,1.81
318,Maumere,ID,2021-12-02 08:09:14,-8.6199,122.2111,82.63,75,76,1.79
319,Igarka,RU,2021-12-02 08:09:15,67.4667,86.5833,-14.91,90,100,7.14
320,Carndonagh,IE,2021-12-02 08:09:15,55.25,-7.2667,38.82,66,100,9.86
321,Verkhnyaya Inta,RU,2021-12-02 08:09:15,65.9811,60.3094,14.4,95,100,4.27
322,Arraial Do Cabo,BR,2021-12-02 08:09:05,-22.9661,-42.0278,73.06,85,24,9.66
323,Tupiza,BO,2021-12-02 08:10:16,-21.45,-65.7167,59.81,60,100,3.67
324,College,US,2021-12-02 08:10:16,64.8569,-147.8028,-2.54,78,90,0.0
325,Palmer,US,2021-12-02 08:08:35,42.1584,-72.3287,40.55,80,90,0.0
326,Norman Wells,CA,2021-12-02 08:10:16,65.282,-126.8329,-22.34,97,100,8.63
327,Alice Springs,AU,2021-12-02 08:10:17,-23.7,133.8833,98.15,9,0,14.97
328,Harper,LR,2021-12-02 08:10:17,4.375,-7.7169,81.61,77,100,8.43
329,Coihaique,CL,2021-12-02 08:10:17,-45.5752,-72.0662,39.81,81,20,3.44
330,Saint Anthony,US,2021-12-02 08:10:18,45.0205,-93.218,50.14,63,1,4.0
331,Selma,US,2021-12-02 08:06:39,36.5708,-119.6121,49.08,42,0,2.89
332,Great Falls,US,2021-12-02 08:07:31,47.5002,-111.3008,59.68,60,1,5.01
333,Smithers,CA,2021-12-02 08:10:19,54.7804,-127.1743,22.23,86,2,3.42
334,Chokurdakh,RU,2021-12-02 08:10:19,70.6333,147.9167,-42.29,100,55,2.04
335,Anadyr,RU,2021-12-02 08:10:19,64.75,177.4833,-1.52,84,40,6.71
336,Taksimo,RU,2021-12-02 08:10:20,56.3444,114.8794,-1.77,90,92,2.89
337,Quatre Cocos,MU,2021-12-02 08:10:20,-20.2078,57.7625,85.08,69,15,15.52
338,Longyan,CN,2021-12-02 08:10:21,25.1072,117.0225,62.17,36,0,4.41
339,Amarante Do Maranhao,BR,2021-12-02 08:10:21,-5.5667,-46.7422,71.55,94,84,2.42
340,Magadan,RU,2021-12-02 08:10:21,59.5667,150.8,1.47,99,100,22.28
341,Boa Vista,BR,2021-12-02 08:10:22,2.8197,-60.6733,76.98,83,75,6.91
342,Salalah,OM,2021-12-02 08:10:22,17.0151,54.0924,81.55,43,0,8.88
343,Fartura,BR,2021-12-02 08:10:22,-23.3883,-49.51,67.21,83,56,8.12
344,Garowe,SO,2021-12-02 08:10:23,8.4054,48.4845,81.75,25,14,10.71
345,Goundam,ML,2021-12-02 08:10:23,16.4145,-3.6708,74.61,14,18,8.14
346,Nago,JP,2021-12-02 08:10:23,26.5881,127.9761,62.67,72,59,14.34
347,Fairbanks,US,2021-12-02 08:07:26,64.8378,-147.7164,-3.69,78,90,0.0
348,Lasa,IT,2021-12-02 08:10:24,46.6166,10.7002,31.62,94,100,3.96
349,Jiuquan,CN,2021-12-02 08:08:42,39.7432,98.5174,41.63,17,6,6.78
350,Talavera De La Reina,ES,2021-12-02 08:10:24,39.9635,-4.8308,38.57,90,26,1.83
351,Auki,SB,2021-12-02 08:10:24,-8.7676,160.7034,79.59,82,87,1.05
352,Bamiantong,CN,2021-12-02 08:10:25,44.9333,130.5333,26.76,76,100,17.78
353,Amazar,RU,2021-12-02 08:10:25,53.858,120.875,4.73,95,91,2.13
354,Jiexiu,CN,2021-12-02 08:10:25,37.0244,111.9125,40.19,28,0,11.34
355,Aswan,EG,2021-12-02 08:10:26,24.0934,32.907,71.85,37,5,15.48
356,Petropavlovsk-Kamchatskiy,RU,2021-12-02 08:10:26,53.0452,158.6483,37.99,87,75,13.42
357,Caxito,AO,2021-12-02 08:10:26,-8.5785,13.6643,83.05,77,96,3.53
358,Athabasca,CA,2021-12-02 08:10:27,54.7169,-113.2854,25.92,92,35,6.15
359,Grand-Santi,GF,2021-12-02 08:10:27,4.25,-54.3833,73.18,100,100,1.23
360,Saint-Francois,FR,2021-12-02 08:10:27,46.4154,3.9054,41.68,93,75,6.91
361,Pontianak,ID,2021-12-02 08:10:28,-0.0333,109.3333,87.35,61,99,7.9
362,Ahuimanu,US,2021-12-02 08:10:28,21.4447,-157.8378,75.85,78,20,13.8
363,Ambon,ID,2021-12-02 08:10:28,-3.6954,128.1814,78.51,82,100,3.89
364,Narsaq,GL,2021-12-02 08:10:29,60.9167,-46.05,28.26,96,100,9.17
365,Pierre,US,2021-12-02 08:10:29,44.3683,-100.351,49.05,60,75,8.01
366,Bac Lieu,VN,2021-12-02 08:10:29,9.285,105.7244,83.98,64,5,7.47
367,Jiangyou,CN,2021-12-02 08:11:30,31.7667,104.7167,59.92,41,58,2.98
368,Iquitos,PE,2021-12-02 08:11:30,-3.7481,-73.2472,77.04,88,75,4.61
369,Aksu,CN,2021-12-02 08:10:28,41.1231,80.2644,35.83,31,0,1.63
370,Buala,SB,2021-12-02 08:11:30,-8.145,159.5921,81.5,78,92,1.34
371,Porvoo,FI,2021-12-02 08:11:31,60.3923,25.6651,19.96,79,98,6.38
372,Kavieng,PG,2021-12-02 08:11:31,-2.5744,150.7967,83.3,73,28,8.12
373,Buraydah,SA,2021-12-02 08:11:31,26.326,43.975,76.41,14,46,15.48
374,Klaksvik,FO,2021-12-02 08:11:32,62.2266,-6.589,34.72,59,100,11.5
375,Codrington,AU,2021-12-02 08:09:36,-38.2667,141.9667,58.53,66,47,19.3
376,Ybycui,PY,2021-12-02 08:11:32,-26.0167,-57.05,64.94,65,23,4.38
377,Buin,CL,2021-12-02 08:11:32,-33.7333,-70.75,63.73,66,0,1.86
378,Coxim,BR,2021-12-02 08:11:33,-18.5067,-54.76,75.02,88,51,1.59
379,Cabo San Lucas,MX,2021-12-02 08:11:33,22.8909,-109.9124,75.51,68,18,10.33
380,Uray,RU,2021-12-02 08:11:33,60.1247,64.7758,33.48,99,100,9.71
381,Huancavelica,PE,2021-12-02 08:11:33,-12.7667,-74.9833,40.17,89,98,2.95
382,Karratha,AU,2021-12-02 08:11:34,-20.7377,116.8463,96.33,30,5,23.96
383,Frederikshavn,DK,2021-12-02 08:11:34,57.4407,10.5366,32.22,93,75,11.5
384,Shimoda,JP,2021-12-02 08:11:35,34.6667,138.95,50.11,66,54,4.14
385,Kaeo,NZ,2021-12-02 08:11:35,-35.1,173.7833,66.33,87,98,6.46
386,Kungurtug,RU,2021-12-02 08:11:35,50.5994,97.5228,16.83,79,38,0.96
387,Halmaj,HU,2021-12-02 08:11:35,48.25,21.0,42.78,94,100,10.74
388,Onguday,RU,2021-12-02 08:11:36,50.75,86.15,25.11,69,0,2.75
389,Natal,BR,2021-12-02 08:11:36,-5.795,-35.2094,77.65,83,0,4.61
390,Manado,ID,2021-12-02 08:07:41,1.487,124.8455,83.03,79,100,3.13
391,Port Hedland,AU,2021-12-02 08:11:36,-20.3167,118.5667,100.45,27,39,23.02
392,Cockburn Town,TC,2021-12-02 08:08:31,21.4612,-71.1419,80.46,73,0,13.82
393,Itoman,JP,2021-12-02 08:11:37,26.1247,127.6694,62.62,77,75,9.22
394,Puyo,EC,2021-12-02 08:11:37,-1.4667,-77.9833,64.67,97,99,2.89
395,Nhulunbuy,AU,2021-12-02 08:11:37,-12.2333,136.7667,79.41,89,100,3.44
396,Sangre Grande,TT,2021-12-02 08:11:38,10.5835,-61.1177,77.05,89,100,7.9
397,Waingapu,ID,2021-12-02 08:11:38,-9.6567,120.2641,83.91,72,100,4.36
398,Ust-Maya,RU,2021-12-02 08:11:38,60.4167,134.5333,-18.98,91,12,6.78
399,Salinas,US,2021-12-02 08:07:48,36.6777,-121.6555,59.95,60,1,4.61
400,Todos Santos,MX,2021-12-02 08:11:39,23.45,-110.2167,75.0,59,19,6.58
401,Daru,PG,2021-12-02 08:11:39,-9.0763,143.2092,83.79,78,73,8.55
402,Andenes,NO,2021-12-02 08:11:39,69.3143,16.1194,33.78,47,20,19.57
403,Acapulco,MX,2021-12-02 08:08:53,16.8634,-99.8901,76.41,83,0,4.36
404,Yuzhno-Kurilsk,RU,2021-12-02 08:11:40,44.0306,145.8556,35.11,58,100,24.52
405,Hervey Bay,AU,2021-12-02 08:11:40,-25.2986,152.8535,79.03,83,16,4.0
406,Byron Bay,AU,2021-12-02 08:07:37,-28.65,153.6167,77.88,87,39,15.21
407,Jumla,NP,2021-12-02 08:11:41,29.2747,82.1838,45.7,99,100,2.55
408,Xining,CN,2021-12-02 08:11:41,36.6167,101.7667,33.49,26,100,1.36
409,Itarema,BR,2021-12-02 08:11:41,-2.9248,-39.9167,77.86,84,99,8.5
410,Edd,ER,2021-12-02 08:11:42,13.9297,41.6925,88.97,36,0,13.58
411,Amantea,IT,2021-12-02 08:11:42,39.1332,16.0746,58.44,73,19,7.96
412,Tessalit,ML,2021-12-02 08:12:42,20.1986,1.0114,73.33,16,47,9.51
413,San Andres,CO,2021-12-02 08:11:26,12.5847,-81.7006,80.62,83,75,13.8
414,Saint-Georges,GD,2021-12-02 08:10:22,12.0564,-61.7485,80.28,78,20,11.5
415,Non Thai,TH,2021-12-02 08:12:43,15.1981,102.0358,81.99,43,19,16.17
416,Anori,BR,2021-12-02 08:12:43,-3.7728,-61.6442,71.38,99,99,2.62
417,Skibbereen,IE,2021-12-02 08:12:44,51.55,-9.2667,44.4,70,99,12.44
418,Tautira,PF,2021-12-02 08:10:47,-17.7333,-149.15,82.0,77,100,19.46
419,Meulaboh,ID,2021-12-02 08:12:44,4.1363,96.1285,81.64,79,92,7.74
420,Kuala Terengganu,MY,2021-12-02 08:11:37,5.3302,103.1408,73.29,96,100,4.79
421,Seminole,US,2021-12-02 08:12:30,28.7086,-81.2081,63.27,84,40,6.91
422,Durban,ZA,2021-12-02 08:12:44,-29.8579,31.0292,77.02,83,99,4.0
423,Karpogory,RU,2021-12-02 08:12:45,64.0019,44.4451,15.87,98,99,0.22
424,Gat,IL,2021-12-02 08:09:39,31.61,34.7642,66.9,4,92,6.8
425,Loralai,PK,2021-12-02 08:12:45,30.3705,68.598,62.8,17,0,0.94
426,Kunjah,PK,2021-12-02 08:12:45,32.5285,73.9737,68.04,18,0,5.28
427,Kutum,SD,2021-12-02 08:12:46,14.2,24.6667,71.24,26,0,14.16
428,Lubao,PH,2021-12-02 08:12:46,14.9167,120.55,86.14,55,91,10.11
429,Port Lincoln,AU,2021-12-02 08:12:46,-34.7333,135.8667,61.61,59,0,17.4
430,Kavaratti,IN,2021-12-02 08:12:47,10.5669,72.642,81.28,79,24,9.82
431,Hambantota,LK,2021-12-02 08:10:59,6.1241,81.1185,83.3,70,60,7.43
432,Kindu,CD,2021-12-02 08:12:47,-2.95,25.95,81.01,68,74,2.42
433,Nikel,RU,2021-12-02 08:12:47,69.4128,30.222,28.58,75,100,15.1
434,Aldergrove,CA,2021-12-02 08:12:37,49.058,-122.4709,50.79,92,100,4.76
435,Luanda,AO,2021-12-02 08:11:05,-8.8368,13.2343,82.4,78,75,2.3
436,Torbay,CA,2021-12-02 08:12:03,47.6666,-52.7314,40.75,92,66,4.0
437,Hofn,IS,2021-12-02 08:12:48,64.2539,-15.2082,37.26,99,100,22.41
438,Shaowu,CN,2021-12-02 08:12:48,27.3409,117.4831,55.9,48,0,4.0
439,Ginda,IN,2021-12-02 08:12:49,30.6945,78.4932,61.36,27,100,5.48
440,Tual,ID,2021-12-02 08:12:49,-5.6667,132.75,79.75,81,100,5.28
441,Bouna,CI,2021-12-02 08:12:49,9.2667,-3.0,81.09,21,26,2.21
442,Dongying,CN,2021-12-02 08:12:50,37.4564,118.4856,45.86,40,0,11.95
443,Chekmagush,RU,2021-12-02 08:12:50,55.1319,54.6556,27.81,86,65,13.44
444,Bilibino,RU,2021-12-02 08:12:50,68.0546,166.4372,-34.33,98,18,6.17
445,Oslob,PH,2021-12-02 08:12:51,9.5211,123.4315,83.19,77,45,11.43
446,Apricena,IT,2021-12-02 08:12:51,41.7839,15.4437,57.61,66,48,15.61
447,Nanortalik,GL,2021-12-02 08:12:51,60.1432,-45.2371,31.46,93,100,16.06
448,Mezen,RU,2021-12-02 08:12:52,65.8522,44.24,16.61,93,100,7.65
449,Goure,NE,2021-12-02 08:12:52,13.9835,10.2704,73.02,20,36,17.83
450,Longyearbyen,SJ,2021-12-02 08:12:52,78.2186,15.6401,19.24,86,90,2.3
451,Caorle,IT,2021-12-02 08:12:53,45.5966,12.8758,48.16,92,100,3.02
452,Pokhara,NP,2021-12-02 08:12:53,28.2333,83.9833,68.18,58,100,2.21
453,Naryan-Mar,RU,2021-12-02 08:12:53,67.6713,53.087,8.65,94,100,15.01
454,Roma,US,2021-12-02 08:12:05,43.2128,-75.4557,40.84,95,90,8.05
455,Oriximina,BR,2021-12-02 08:12:54,-1.7656,-55.8661,76.82,79,100,1.66
456,Tanabe,JP,2021-12-02 08:12:54,33.7333,135.3667,45.93,72,2,5.1
457,Mackenzie,CA,2021-12-02 08:12:54,55.2999,-123.1698,27.82,67,21,13.38
458,Turukhansk,RU,2021-12-02 08:13:55,65.8167,87.9833,-1.39,89,100,12.82
459,Mehamn,NO,2021-12-02 08:13:55,71.0357,27.8492,33.98,69,100,22.55
460,Aloleng,PH,2021-12-02 08:13:55,16.1307,119.7824,80.58,67,99,9.13
461,Santa Cruz,BO,2021-12-02 08:13:56,-17.8,-63.1667,71.56,96,100,5.77
462,Flin Flon,CA,2021-12-02 08:13:56,54.7682,-101.865,3.47,95,97,2.48
463,Mantenopolis,BR,2021-12-02 08:13:56,-18.8625,-41.1228,68.38,94,11,2.28
464,Vakhrushi,RU,2021-12-02 08:13:57,58.6847,50.0261,21.65,90,57,8.21
465,Marzuq,YE,2021-12-02 08:13:57,14.4,46.4667,72.25,17,0,4.61
466,Vostok,RU,2021-12-02 08:13:57,46.4856,135.8833,4.77,96,80,5.39
467,Puerto Carreno,CO,2021-12-02 08:13:57,6.189,-67.4859,76.91,83,100,12.5
468,Kamina,CD,2021-12-02 08:13:58,-8.7386,24.9906,78.53,65,91,1.92
469,Kapoeta,SS,2021-12-02 08:13:58,4.7717,33.5903,90.73,27,99,21.5
470,Kandrian,PG,2021-12-02 08:13:58,-6.2167,149.55,82.45,78,98,1.1
471,Ola,RU,2021-12-02 08:13:59,59.5833,151.2833,1.0,94,100,24.09
472,Dalby,AU,2021-12-02 08:13:59,-27.1833,151.2667,78.78,67,77,7.9
473,Wagar,SD,2021-12-02 08:14:00,16.1525,36.2032,86.54,31,0,8.77
474,Bairiki,KI,2021-12-02 08:14:00,1.3292,172.9752,82.4,74,20,10.36
475,Arica,CL,2021-12-02 08:14:00,-18.475,-70.3042,64.63,72,0,8.05
476,Guangyuan,CN,2021-12-02 08:14:01,32.442,105.823,59.52,24,51,3.0
477,Parati,BR,2021-12-02 08:14:01,-23.2178,-44.7131,70.47,96,49,1.63
478,Bhikhi,IN,2021-12-02 08:14:01,30.0667,75.5333,77.68,18,98,4.52
479,Minna,NG,2021-12-02 08:14:02,9.6139,6.5569,81.14,21,99,7.94
480,Macomb,US,2021-12-02 08:14:02,40.4592,-90.6718,53.04,66,1,10.0
481,Naze,JP,2021-12-02 08:14:02,28.3667,129.4833,57.97,65,39,10.98
482,Cartagena,CO,2021-12-02 08:11:30,10.3997,-75.5144,78.42,89,20,5.75
483,Koscierzyna,PL,2021-12-02 08:14:03,54.1223,17.9812,34.3,84,100,25.79
484,Jega,NG,2021-12-02 08:14:03,12.2175,4.3792,79.11,19,100,9.15
485,Berbera,SO,2021-12-02 08:14:04,10.4396,45.0143,83.03,42,0,10.89
486,Rundu,NA,2021-12-02 08:14:04,-17.9333,19.7667,83.46,39,57,8.01
487,Mangai,CD,2021-12-02 08:14:04,-4.05,19.5333,76.6,81,99,2.75
488,Nelson Bay,AU,2021-12-02 08:10:58,-32.7167,152.15,74.95,79,1,1.01
489,Dunedin,NZ,2021-12-02 08:14:05,-45.8742,170.5036,57.16,91,100,13.85
490,Kristiinankaupunki,FI,2021-12-02 08:14:05,62.2743,21.376,22.35,95,100,7.52
491,Mount Isa,AU,2021-12-02 08:14:05,-20.7333,139.5,101.97,12,40,9.22
492,Springbok,ZA,2021-12-02 08:14:06,-29.6643,17.8865,62.65,36,100,7.31
493,Jibuti,DJ,2021-12-02 08:14:06,11.5,42.5,80.02,35,0,18.95
494,Leningradskiy,RU,2021-12-02 08:14:06,69.3833,178.4167,-11.09,92,100,4.18
495,Marugame,JP,2021-12-02 08:14:07,34.2833,133.7833,46.54,68,0,7.23
496,Madimba,TZ,2021-12-02 08:14:07,-10.4,40.3333,86.97,57,5,10.31
497,Stawell,AU,2021-12-02 08:14:07,-37.05,142.7667,69.66,63,15,24.11
498,Elwood,AU,2021-12-02 08:14:08,-37.8817,144.983,71.24,88,90,7.0
499,Mangrol,IN,2021-12-02 08:14:08,21.1167,70.1167,80.17,55,12,9.26
500,Balkhash,KZ,2021-12-02 08:14:08,46.844,74.9804,38.01,56,0,8.95
501,Chute-Aux-Outardes,CA,2021-12-02 08:14:09,49.1168,-68.399,19.36,75,44,2.89
502,Aykhal,RU,2021-12-02 08:14:09,66.0,111.5,-28.59,100,100,2.95
503,Williston,US,2021-12-02 08:10:45,48.147,-103.618,41.92,61,100,8.14
504,Moranbah,AU,2021-12-02 08:14:09,-22.0016,148.0466,86.49,46,96,15.46
505,Dillon,US,2021-12-02 08:14:10,34.4166,-79.3712,52.25,60,71,6.76
506,Sarangani,PH,2021-12-02 08:15:10,5.4033,125.4636,84.06,76,100,14.85
507,Pointe Michel,DM,2021-12-02 08:15:10,15.25,-61.3833,79.99,75,67,15.93
508,Mahasamund,IN,2021-12-02 08:15:11,21.1,82.1,80.87,36,0,5.68
509,Kargasok,RU,2021-12-02 08:15:11,59.0556,80.8572,30.83,72,100,14.92
510,Esso,RU,2021-12-02 08:15:11,55.9333,158.7,29.17,97,100,6.26
511,Sungairaya,ID,2021-12-02 08:15:12,0.7,108.9,86.0,64,94,7.56
512,Cap Malheureux,MU,2021-12-02 08:15:12,-19.9842,57.6142,85.46,62,4,13.0
513,Ternate,ID,2021-12-02 08:15:12,0.8,127.4,81.41,77,100,11.92
514,Wanparti,IN,2021-12-02 08:15:13,16.3667,78.0667,81.16,53,17,2.13
515,Pavino,RU,2021-12-02 08:15:13,59.1139,46.1414,19.98,91,100,8.5
516,Odweyne,SO,2021-12-02 08:15:13,9.4092,45.064,79.41,8,4,0.29
517,Paralia,GR,2021-12-02 08:15:14,38.2,21.7,60.91,70,40,4.88
518,Sioux Lookout,CA,2021-12-02 08:14:11,50.1001,-91.917,28.78,96,99,6.49
519,Rapid Valley,US,2021-12-02 08:15:14,44.0625,-103.1463,68.56,34,1,4.61
520,Eureka,US,2021-12-02 08:15:14,40.8021,-124.1637,52.25,95,0,2.73
521,Roebourne,AU,2021-12-02 08:15:15,-20.7833,117.1333,101.08,22,5,22.41
522,Wajir,KE,2021-12-02 08:15:15,1.7471,40.0573,85.89,51,23,11.68
523,Kulhudhuffushi,MV,2021-12-02 08:15:15,6.6221,73.07,81.9,76,47,5.79
524,Lata,PT,2021-12-02 08:15:16,40.1629,-8.3327,50.81,95,47,4.99
525,Erenhot,CN,2021-12-02 08:15:16,43.6475,111.9767,28.33,47,40,16.67
526,Tabuleiro Do Norte,BR,2021-12-02 08:15:16,-5.2467,-38.1306,75.49,77,96,4.65
527,Clarence Town,AU,2021-12-02 08:15:17,-32.5833,151.7833,76.33,76,1,7.36
528,North Bend,US,2021-12-02 08:15:17,43.4065,-124.2243,52.25,97,90,3.44
529,Luchenza,MW,2021-12-02 08:15:17,-16.0069,35.3095,87.1,44,0,7.07
530,Ouesso,CG,2021-12-02 08:15:17,1.6136,16.0517,83.25,63,28,3.49
531,Bintulu,MY,2021-12-02 08:15:18,3.1667,113.0333,90.01,66,20,8.05
532,Sitka,US,2021-12-02 08:11:55,57.0531,-135.33,35.49,69,90,13.8
533,Mayumba,GA,2021-12-02 08:15:18,-3.432,10.6554,79.05,84,98,4.41
534,Mobile,US,2021-12-02 08:15:19,30.7835,-88.2,49.35,100,90,0.0
535,Solnechnyy,RU,2021-12-02 08:15:19,50.7214,136.6319,4.28,94,80,4.54
536,Adrar,MR,2021-12-02 08:15:19,20.5022,-10.0711,66.76,16,100,10.33
537,Marondera,ZW,2021-12-02 08:15:19,-18.1853,31.5519,81.99,23,0,8.23
538,Bartica,GY,2021-12-02 08:15:20,6.4,-58.6167,71.92,99,86,0.58
539,Liverpool,GB,2021-12-02 08:15:20,53.4106,-2.9779,40.68,73,0,8.01
540,Chicama,PE,2021-12-02 08:15:20,-7.8447,-79.1469,65.08,88,100,3.42
541,Comodoro Rivadavia,AR,2021-12-02 08:15:21,-45.8667,-67.5,53.46,43,0,16.11
542,Alakurtti,RU,2021-12-02 08:15:21,66.9672,30.3491,24.64,90,100,12.64
543,Aksarayskiy,RU,2021-12-02 08:15:21,46.7924,48.0119,42.75,58,72,19.69
544,Yamethin,MM,2021-12-02 08:15:22,20.4333,96.15,81.19,54,99,6.71
545,Safaga,EG,2021-12-02 08:15:22,26.7292,33.9365,70.2,49,79,19.33
546,Kurilsk,RU,2021-12-02 08:15:22,45.2333,147.8833,34.43,61,99,31.81
547,Nanhai,CN,2021-12-02 08:15:23,30.1282,111.7784,61.83,26,3,4.09
548,Puerto Del Rosario,ES,2021-12-02 08:15:23,28.5004,-13.8627,65.95,68,40,19.57
549,Lagoa,PT,2021-12-02 08:15:23,39.05,-27.9833,62.56,83,0,8.84
550,Nemuro,JP,2021-12-02 08:14:17,43.3236,145.575,34.61,60,29,22.46
551,Jalu,LY,2021-12-02 08:15:24,29.0331,21.5482,61.0,59,65,5.57
552,Bosaso,SO,2021-12-02 08:15:24,11.2842,49.1816,81.79,44,0,13.24
553,Poronaysk,RU,2021-12-02 08:16:24,49.2167,143.1167,20.71,68,20,17.43
554,Sao Miguel,BR,2021-12-02 08:16:25,-5.4667,-35.3667,79.12,78,100,9.55
555,Ixtapa,MX,2021-12-02 08:16:25,20.7,-105.2,72.23,91,49,3.69
556,Viransehir,TR,2021-12-02 08:16:25,37.2353,39.7631,51.39,34,0,13.27
557,Mitsamiouli,KM,2021-12-02 08:16:26,-11.3847,43.2844,82.81,69,25,8.97
558,Halifax,CA,2021-12-02 08:15:21,44.6453,-63.5724,35.49,97,80,2.3
559,Nome,US,2021-12-02 08:16:26,64.5011,-165.4064,-7.53,64,1,10.36
560,Saint Michael,US,2021-12-02 08:16:27,45.21,-93.665,49.55,65,75,5.01
561,Peterborough,GB,2021-12-02 08:13:18,52.5736,-0.2478,37.0,73,0,14.97
562,Santa Marta,CO,2021-12-02 08:16:27,11.2408,-74.199,76.62,79,83,10.09
563,Erzin,TR,2021-12-02 08:16:27,36.9559,36.2,59.52,35,0,5.73
564,Hobyo,SO,2021-12-02 08:16:28,5.3505,48.5268,82.17,56,100,18.86
565,Tazovskiy,RU,2021-12-02 08:16:28,67.4667,78.7,-4.0,94,100,20.0
